data,parity,throughput
4,4,945.682871
8,4,2786.488015
16,4,4331.775451
32,4,4976.866589
64,4,4250.297239
128,4,3657.730495
